date,D_AH_Y1,D_CP_M1,D_FP_M1,CD_M1,ED_M1,FCP_M1,NFCP_M1,SWAPS_Y1,SWAPS_Y5,TB_Y1,TCMII_Y5,TCMNOM_M1,TCMNOM_Y1,TCMNOM_Y5
19730131,5.99,5.63,5.51,,,,,,,5.58,,,5.89,6.34
19730228,6.05,6.02,5.96,,,,,,,5.93,,,6.19,6.6
19730331,6.62,6.62,6.5,,,,,,,6.53,,,6.85,6.8
19730430,6.6,6.9,6.87,,,,,,,6.51,,,6.85,6.67
19730531,6.82,7.07,7.05,,,,,,,6.63,,,6.89,6.8
19730630,7.24,7.9,7.78,,,,,,,7.05,,,7.31,6.69
19730731,8.39,9.19,8.92,,,,,,,7.97,,,8.39,7.33
19730831,8.39,10.15,9.81,,,,,,,8.32,,,8.82,7.63
19730930,8.06,10.29,10,,,,,,,8.07,,,8.31,7.05
19731031,7.13,9.42,8.78,,,,,,,7.17,,,7.4,6.77
19731130,7.71,9.38,8.83,,,,,,,7.4,,,7.57,6.92
19731231,6.88,9.79,9.08,,,,,,,7.01,,,7.27,6.8
19740131,6.95,9.31,8.59,,,,,,,7.01,,,7.42,6.95
19740228,6.34,8.36,7.95,,,,,,,6.51,,,6.88,6.82
19740331,6.9,8.92,8.22,,,,,,,7.34,,,7.76,7.31
19740430,7.89,10.11,9.3,,,,,,,8.08,,,8.62,7.92
19740531,8.42,10.86,9.86,,,,,,,8.21,,,8.78,8.18
19740630,8.25,11.16,10.17,,,,,,,8.16,,,8.67,8.1
19740731,8.05,11.94,10.45,,,,,,,8.04,,,8.8,8.38
19740831,9.56,11.79,10.52,,,,,,,8.88,,,9.36,8.63
19740930,8.34,11.48,10.31,,,,,,,8.52,,,8.87,8.37
19741031,7.63,9.73,9.43,,,,,,,7.59,,,8.05,7.97
19741130,7.36,9.16,8.72,,,,,,,7.29,,,7.66,7.68
19741231,6.63,9.47,8.85,,,,,,,6.79,,,7.31,7.31
19750131,6.38,7.45,7.31,,,,,,,6.27,,,6.83,7.41
19750228,5.31,6.37,6.17,,,,,,,5.56,,,5.98,7.11
19750331,5.64,6.03,5.93,,,,,,,5.7,,,6.11,7.3
19750430,6.48,5.93,5.84,,,,,,,6.4,,,6.9,7.99
19750531,6.4,5.48,5.38,,,,,,,5.91,,,6.39,7.72
19750630,5.8,5.46,5.27,,,,,,,5.86,,,6.29,7.51
19750731,6.54,6.15,6,,,,,,,6.64,,,7.11,7.92
19750831,7.33,6.37,6.27,,,,,,,7.16,,,7.7,8.33
19750930,7.34,6.53,6.41,,,,,,,7.2,,,7.75,8.37
19751031,6.6,6.05,6.02,,,,,,,6.48,,,6.95,7.97
19751130,6.01,5.43,5.38,,,,,,,6.07,,,6.49,7.8
19751231,6.44,5.51,5.47,,,,,,,6.16,,,6.6,7.76
19760131,5.58,4.76,4.72,,,,,,,5.44,,,5.81,7.46
19760229,5.57,4.86,4.77,,,,,,,5.53,,,5.91,7.45
19760331,6.01,5.05,5,,,,,,,5.82,,,6.21,7.49
19760430,5.78,4.81,4.74,,,,,,,5.54,,,5.92,7.25
19760531,5.65,5.18,5.08,,,,,,,5.98,,,6.4,7.59
19760630,6.2,5.58,5.5,,,,,,,6.12,,,6.52,7.61
19760731,5.89,5.29,5.18,,,,,,,5.82,,,6.2,7.49
19760831,5.63,5.11,5.06,,,,,,,5.64,,,6,7.31
19760930,5.56,5.09,4.96,,,,,,,5.5,,,5.84,7.13
19761031,5.13,4.9,4.8,,,,,,,5.19,,,5.5,6.75
19761130,5.2,4.79,4.76,,,,,,,5,,,5.29,6.52
19761231,4.71,4.51,4.44,,,,,,,4.64,,,4.89,6.1
19770131,4.73,4.62,4.57,,,,,,,5,,,5.29,6.58
19770228,5.35,4.6,4.55,,,,,,,5.16,,,5.47,6.83
19770331,5.23,4.64,4.6,,,,,,,5.19,,,5.5,6.93
19770430,5.16,4.63,4.61,,,,,,,5.1,,,5.44,6.79
19770531,5.28,5.1,4.98,,,,,,,5.43,,,5.84,6.94
19770630,5.41,5.29,5.26,,,,,,,5.41,,,5.8,6.76
19770731,5.65,5.26,5.22,,,,,,,5.57,,,5.94,6.84
19770831,6.11,5.65,5.6,,,,,,,5.97,,,6.37,7.03
19770930,6.16,6,5.96,,,,,,,6.13,,,6.53,7.04
19771031,6.62,6.39,6.36,,,,,,,6.52,,,6.97,7.32
19771130,6.54,6.37,6.34,,,,,,,6.52,,,6.95,7.34
19771231,6.55,6.51,6.5,,,,,,,6.52,,,6.96,7.48
19780131,6.55,6.59,6.58,,,,,,,6.8,,,7.28,7.77
19780228,6.81,6.56,6.53,,,,,,,6.86,,,7.34,7.83
19780331,6.86,6.52,6.46,,,,,,,6.82,,,7.31,7.86
19780430,6.88,6.64,6.61,,,,,,,6.96,,,7.45,7.98
19780531,7.25,6.89,6.87,,,,,,,7.28,,,7.82,8.18
19780630,7.68,7.48,7.45,,,,,,,7.53,,,8.09,8.36
19780731,7.82,7.7,7.68,,,,,,,7.79,,,8.39,8.54
19780831,7.88,7.66,7.64,,,,,,,7.73,,,8.31,8.33
19780930,7.95,8.29,8.26,,,,,,,8.01,,,8.64,8.43
19781031,8.27,8.82,8.76,,,,,,,8.45,,,9.14,8.61
19781130,9.31,9.84,9.8,,,,,,,9.2,,,10.01,8.84
19781231,9.32,10.14,10.13,,,,,,,9.44,,,10.3,9.08
19790131,9.61,9.95,9.91,,,,,,,9.54,,,10.41,9.2
19790228,9.35,9.75,9.7,,,,,,,9.39,,,10.24,9.13
19790331,9.49,9.74,9.64,,,,,,,9.38,,,10.25,9.2
19790430,9.23,9.72,9.63,,,,,,,9.28,,,10.12,9.25
19790531,9.2,9.86,9.83,,,,,,,9.27,,,10.12,9.24
19790630,8.83,9.77,9.73,,,,,,,8.81,,,9.57,8.85
19790731,8.9,9.88,9.8,,,,,,,8.87,,,9.64,8.9
19790831,9.19,10.44,10.35,,,,,,,9.16,,,9.98,9.06
19790930,9.89,11.52,11.45,,,,,,,9.89,,,10.84,9.41
19791031,11.51,13.06,12.85,,,,,,,11.23,,,12.44,10.63
19791130,11.81,13.34,13.25,,,,,,,11.22,,,12.39,10.93
19791231,10.82,13.35,13.27,,,,,,,10.92,,,11.98,10.42
19800131,11.04,13.07,13.01,,,,,,,10.96,,,12.06,10.74
19800229,11.21,13.62,13.58,,,,,,,12.46,,,13.92,12.6
19800331,13.53,16.55,16.3,,,,,,,14.03,,,15.82,13.47
19800430,12.45,16.1,15.7,,,,,,,11.97,,,13.3,11.84
19800531,8.34,9.6,9.3,,,,,,,8.66,,,9.39,9.95
19800630,7.49,8.56,8.01,,,,,,,7.54,,,8.16,9.21
19800731,7.67,8.53,8.37,,,,,,,8,,,8.65,9.53
19800831,8.96,9.48,9.3,,,,,,,9.39,,,10.24,10.84
19800930,9.97,10.82,10.62,,,,,,,10.48,,,11.52,11.62
19801031,11.14,12.59,12.32,,,,,,,11.3,,,12.49,11.86
19801130,12.22,15.23,14.87,,,,,,,12.66,,,14.15,12.83
19801231,13.26,18.95,17.87,,,,,,,13.23,,,14.88,13.25
19810131,12.55,17.73,16.97,,,,,,,12.62,,,14.08,12.77
19810228,12.8,15.81,15.52,,,,,,,12.99,,,14.57,13.41
19810331,11.48,14.15,13.78,,,,,,,12.28,,,13.71,13.41
19810430,12.99,14.79,14.24,,,,,,,12.79,,,14.32,13.99
19810531,14.62,17.91,17.47,,,,,,,14.29,,,16.2,14.63
19810630,13.15,17.34,16.66,,,,,,,13.22,,,14.86,13.95
19810731,13.74,17.7,17.29,,,,,,,13.91,,,15.72,14.79
19810831,14.54,17.58,17.37,,,,,,,14.7,,,16.72,15.56
19810930,15.06,15.95,15.68,,,,,,,14.53,,,16.52,15.93
19811031,14.58,14.8,14.63,,,,,,,13.62,,,15.38,15.41
19811130,13.16,12.35,12.13,,,,,,,11.2,,,12.41,13.38
19811231,11.51,12.16,11.89,,,,,,,11.57,,,12.85,13.6
19820131,13.14,12.9,12.67,,,,,,,12.77,,,14.32,14.65
19820228,13.18,14.62,14.41,,,,,,,13.11,,,14.73,14.54
19820331,12.51,13.99,13.73,,,,,,,12.47,,,13.95,13.98
19820430,12.73,14.38,14.17,,,,,,,12.5,,,13.98,14
19820531,12.19,13.79,13.49,,,,,,,11.98,,,13.34,13.75
19820630,12.17,13.95,13.79,,,,,,,12.57,,,14.07,14.43
19820731,12.32,12.62,12.42,,,,,,,11.9,,,13.24,14.07
19820831,11.2,9.5,9.32,,,,,,,10.37,,,11.43,13
19820930,10.29,9.96,9.89,,,,,,,9.92,,,10.85,12.25
19821031,9.52,9.08,8.89,,,,,,,8.63,,,9.32,10.8
19821130,8.57,8.66,8.51,,,,,,,8.44,,,9.16,10.38
19821231,8.24,8.53,8.35,,,,,,,8.23,,,8.91,10.22
19830131,8.01,8.19,8.03,,,,,,,8.01,,,8.62,10.03
19830228,8.31,8.3,8.25,,,,,,,8.28,,,8.92,10.26
19830331,8.43,8.56,8.48,,,,,,,8.36,,,9.04,10.08
19830430,8.28,8.58,8.52,,,,,,,8.29,,,8.98,10.02
19830531,8.05,8.36,8.28,,,,,,,8.23,,,8.9,10.03
19830630,8.8,8.97,8.86,,,,,,,8.87,,,9.66,10.63
19830731,9.36,9.15,9.13,,,,,,,9.34,,,10.2,11.21
19830831,9.77,9.41,9.35,,,,,,,9.6,,,10.53,11.63
19830930,9.64,9.19,9.15,,,,,,,9.27,,,10.16,11.43
19831031,9.13,9.03,8.99,,,,,,,8.98,,,9.81,11.28
19831130,9.03,9.1,9.06,,,,,,,9.08,,,9.94,11.41
19831231,9.16,9.56,9.51,,,,,,,9.24,,,10.11,11.54
19840131,9.04,9.23,9.2,,,,,,,9.07,,,9.9,11.37
19840229,9.24,9.35,9.34,,,,,,,9.2,,,10.04,11.54
19840331,9.68,9.81,9.76,,,,,,,9.67,,,10.59,12.02
19840430,9.86,10.17,10.08,,,,,,,9.95,,,10.9,12.37
19840531,10.64,10.38,10.26,,,,,,,10.57,,,11.66,13.17
19840630,10.92,10.82,10.76,,,,,,,10.93,,,12.08,13.48
19840731,10.99,11.06,10.99,,,,,,,10.89,,,12.03,13.27
19840831,10.79,11.19,11.16,,,,,,,10.71,,,11.82,12.68
19840930,10.84,11.1,10.98,,,,,,,10.51,,,11.58,12.53
19841031,10.32,10.05,9.92,,,,,,,9.93,,,10.9,12.06
19841130,9.1,9.01,8.92,,,,,,,9.01,,,9.82,11.33
19841231,8.38,8.39,8.25,,,,,,,8.6,,,9.33,11.07
19850131,8.39,7.99,7.95,,,,,,,8.33,,,9.02,10.93
19850228,8.46,8.46,8.42,,,,,,,8.56,,,9.29,11.13
19850331,9.24,8.74,8.7,,,,,,,9.06,,,9.86,11.52
19850430,8.44,8.31,8.29,,,,,,,8.44,,,9.14,11.01
19850531,7.94,7.8,7.74,,,,,,,7.85,,,8.46,10.34
19850630,7.18,7.34,7.31,,,,,,,7.27,,,7.8,9.6
19850731,7.09,7.58,7.53,,,,,,,7.31,,,7.86,9.7
19850831,7.6,7.73,7.7,,,,,,,7.48,,,8.05,9.81
19850930,7.36,7.83,7.84,,,,,,,7.5,,,8.07,9.81
19851031,7.42,7.81,7.79,,,,,,,7.45,,,8.01,9.69
19851130,7.33,7.84,7.81,,,,,,,7.33,,,7.88,9.28
19851231,7.06,7.87,7.81,,,,,,,7.16,,,7.67,8.73
19860131,7.31,7.78,7.75,,,,,,,7.21,,,7.73,8.68
19860228,7.19,7.7,7.68,,,,,,,7.11,,,7.61,8.34
19860331,6.61,7.3,7.24,,,,,,,6.59,,,7.03,7.46
19860430,5.94,6.75,6.69,,,,,,,6.06,,,6.44,7.05
19860531,6.17,6.72,6.73,,,,,,,6.25,,,6.65,7.52
19860630,6.59,6.79,6.8,,,,,,,6.32,,,6.73,7.64
19860731,5.98,6.42,6.42,,,,,,,5.9,,,6.27,7.06
19860831,5.82,6.02,5.98,,,,,,,5.6,,,5.93,6.8
19860930,5.33,5.74,5.76,,,,,,,5.45,,,5.77,6.92
19861031,5.46,5.74,5.74,,,,,,,5.41,,,5.72,6.83
19861130,5.45,5.84,5.79,,,,,,,5.48,,,5.8,6.76
19861231,5.6,6.63,6.32,,,,,,,5.55,,,5.87,6.67
19870131,5.44,5.95,5.86,,,,,,,5.46,,,5.78,6.64
19870228,5.74,6.12,6.02,,,,,,,5.63,,,5.96,6.79
19870331,5.68,6.22,6.11,,,,,,,5.68,,,6.03,6.79
19870430,5.92,6.39,6.28,,,,,,,6.09,,,6.5,7.57
19870531,6.56,6.83,6.78,,,,,,,6.52,,,7,8.26
19870630,6.54,6.86,6.8,,,,,,,6.35,,,6.8,8.02
19870731,6.22,6.57,6.53,,,,,,,6.24,,,6.68,8.01
19870831,6.52,6.62,6.56,,,,,,,6.54,,,7.03,8.32
19870930,6.74,7.26,7.2,,,,,,,7.11,,,7.67,8.94
19871031,6.89,7.38,7.28,,,,,,,7.05,,,7.59,9.08
19871130,6.48,6.77,6.63,,,,,,,6.5,,,6.96,8.35
19871231,6.74,7.76,7.23,,,,,,,6.69,,,7.17,8.45
19880131,6.67,6.76,6.65,,,,,,,6.52,,,6.99,8.18
19880229,6.18,6.55,6.45,,,,,,,6.21,,,6.64,7.71
19880331,6.3,6.57,6.44,,,,,,,6.28,,,6.71,7.83
19880430,6.57,6.8,6.71,,,,,,,6.56,,,7.01,8.19
19880531,6.74,7.07,6.96,,,,,,,6.9,,,7.4,8.58
19880630,7.08,7.41,7.23,,,,,,,6.99,,,7.49,8.49
19880731,7.04,7.72,7.62,,,,,,,7.22,,,7.75,8.66
19880831,7.4,8.09,7.96,,,,,,,7.59,,,8.17,8.94
19880930,7.6,8.09,7.96,,,,,,,7.53,,,8.09,8.69
19881031,7.57,8.12,8.05,,,,,,,7.54,,,8.11,8.51
19881130,7.92,8.38,8.29,,,,,,,7.87,,,8.48,8.79
19881231,8.49,9.31,9,,,,,,,8.32,,,8.99,9.09
19890131,8.45,9.03,8.9,,,,,,,8.37,,,9.05,9.15
19890228,8.59,9.29,9.21,,,,,,,8.55,,,9.25,9.27
19890331,8.68,9.88,9.77,,,,,,,8.82,,,9.57,9.51
19890430,8.75,9.77,9.7,,,,,,,8.64,,,9.36,9.3
19890531,8.44,9.58,9.48,,,,,,,8.31,,,8.98,8.91
19890630,8.18,9.34,9.24,,,,,,,7.84,,,8.44,8.29
19890731,7.58,8.95,8.8,,,,,,,7.36,,,7.89,7.83
19890831,7.45,8.79,8.67,,,,,,,7.61,,,8.18,8.09
19890930,7.61,8.87,8.76,,,,,,,7.65,,,8.22,8.17
19891031,7.35,8.66,8.54,,,,,,,7.45,,,7.99,7.97
19891130,7.17,8.47,8.33,,,,,,,7.25,,,7.77,7.81
19891231,7.14,8.61,8.4,,,,,,,7.21,,,7.72,7.75
19900131,7.21,8.2,8.09,,,,,,,7.38,,,7.92,8.12
19900228,7.42,8.22,8.13,,,,,,,7.55,,,8.11,8.42
19900331,7.76,8.32,8.23,,,,,,,7.76,,,8.35,8.6
19900430,7.72,8.32,8.23,,,,,,,7.8,,,8.4,8.77
19900531,8.05,8.24,8.14,,,,,,,7.73,,,8.32,8.74
19900630,7.65,8.21,8.12,,,,,,,7.53,,,8.1,8.43
19900731,7.52,8.09,7.99,,,,,,,7.4,,,7.94,8.33
19900831,7.37,7.99,7.88,,,,,,,7.26,,,7.78,8.44
19900930,7.25,8.09,7.98,,,,,,,7.24,,,7.76,8.51
19901031,7.01,8.04,7.92,,,,,,,7.06,,,7.55,8.33
19901130,6.81,7.84,7.64,,,,,,,6.85,,,7.31,8.02
19901231,6.58,8.28,7.62,,,,,,,6.61,,,7.05,7.73
19910131,6.22,7.12,6.95,,,,,,,6.25,,,6.64,7.7
19910228,5.85,6.53,6.31,,,,,,,5.91,,,6.27,7.47
19910331,6.06,6.48,6.31,,,,,,,6,,,6.4,7.77
19910430,5.88,6.08,5.95,,,,,,,5.85,,,6.24,7.7
19910531,5.71,5.91,5.76,,,,,,,5.76,,,6.13,7.7
19910630,5.73,6.06,5.93,,,,,,,5.96,,,6.36,7.94
19910731,6,5.98,5.86,,,,,,,5.91,,,6.31,7.91
19910831,5.62,5.72,5.58,,,,,,,5.45,,,5.78,7.43
19910930,5.26,5.57,5.43,,,,,,,5.26,,,5.57,7.14
19911031,5.12,5.29,5.18,,,,,,,5.04,,,5.33,6.87
19911130,4.72,4.95,4.8,,,,,,,4.64,,,4.89,6.62
19911231,4.2,4.98,4.69,,,,,,,4.17,,,4.38,6.19
19920131,3.84,4.11,3.99,,,,,,,3.95,,,4.15,6.24
19920229,4.01,4.11,4.01,,,,,,,4.08,,,4.29,6.58
19920331,4.37,4.28,4.18,,,,,,,4.4,,,4.63,6.95
19920430,4.34,4.02,3.89,,,,,,,4.09,,,4.3,6.78
19920531,4.2,3.87,3.76,,,,,,,3.99,,,4.19,6.69
19920630,4.07,3.91,3.81,,,,,,,3.98,,,4.17,6.48
19920731,3.65,3.43,3.33,,,,,,,3.45,,,3.6,5.84
19920831,3.28,3.38,3.28,,,,,,,3.33,,,3.47,5.6
19920930,3.02,3.25,3.13,,,,,,,3.06,,,3.18,5.38
19921031,3.12,3.22,3.14,,,,,,,3.17,,,3.3,5.6
19921130,3.61,3.25,3.2,,,,,,,3.52,,,3.68,6.04
19921231,3.57,3.71,3.68,,,,,,,3.55,,,3.71,6.08
19930131,3.52,3.21,3.25,,,,,,,3.35,,,3.5,5.83
19930228,3.32,3.14,3.18,,,,,,,3.25,,,3.39,5.43
19930331,3.09,3.15,3.15,,,,,,,3.2,,,3.33,5.19
19930430,3.24,3.13,3.06,,,,,,,3.11,,,3.24,5.13
19930531,3.13,3.11,3.05,,,,,,,3.23,,,3.36,5.2
19930630,3.4,3.19,3.12,,,,,,,3.39,,,3.54,5.22
19930731,3.42,3.15,3.08,,,,,,,3.33,,,3.47,5.09
19930831,3.3,3.14,3.08,,,,,,,3.3,,,3.44,5.03
19930930,3.27,3.14,3.07,,,,,,,3.22,,,3.36,4.73
19931031,3.25,3.14,3.08,,,,,,,3.25,,,3.39,4.71
19931130,3.43,3.15,3.08,,,,,,,3.42,,,3.58,5.06
19931231,3.47,3.35,3.21,,,,,,,3.45,,,3.61,5.15
19940131,3.52,3.14,3.07,,,,,,,3.39,,,3.54,5.09
19940228,3.59,3.39,3.3,,,,,,,3.69,,,3.87,5.4
19940331,4.03,3.63,3.53,,,,,,,4.11,,,4.32,5.94
19940430,4.3,3.81,3.71,,,,,,,4.57,,,4.82,6.52
19940531,4.77,4.28,4.19,,,,,,,5.03,,,5.31,6.78
19940630,5.03,4.36,4.27,,,,,,,4.98,,,5.27,6.7
19940731,5.2,4.49,4.4,,,,,,,5.17,,,5.48,6.91
19940831,5.36,4.65,4.56,,,,,,,5.25,,,5.56,6.88
19940930,5.38,4.9,4.79,,,,,,,5.43,,,5.76,7.08
19941031,5.72,5.02,4.91,,,,,,,5.75,,,6.11,7.4
19941130,6.09,5.4,5.3,,,,,,,6.13,,,6.54,7.72
19941231,6.75,6.08,5.93,,,,,,,6.67,,,7.14,7.78
19950131,6.86,5.86,5.76,,,,,,,6.59,,,7.05,7.76
19950228,6.59,6.05,5.95,,,,,,,6.28,,,6.7,7.37
19950331,6.16,6.07,5.95,,,,,,,6.03,,,6.43,7.05
19950430,6.02,6.06,5.96,,,,,,,5.88,,,6.27,6.86
19950531,5.9,6.05,5.94,,,,,,,5.65,,,6,6.41
19950630,5.38,6.05,5.92,,,,,,,5.33,,,5.64,5.93
19950731,5.38,5.87,5.74,,,,,,,5.28,,,5.59,6.01
19950831,5.55,5.85,5.72,,,,,,,5.43,,,5.75,6.24
19950930,5.21,5.82,5.71,,,,,,,5.31,,,5.62,6
19951031,5.3,5.81,5.71,,,,,,,5.28,,,5.59,5.86
19951130,5.15,5.8,5.69,,,,,,,5.14,,,5.43,5.69
19951231,5.06,5.84,5.7,,,,,,,5.03,,,5.31,5.51
19960131,4.89,5.56,5.44,,,,,,,4.82,,,5.09,5.36
19960229,4.64,5.29,5.2,,,,,,,4.69,,,4.94,5.38
19960331,4.98,5.39,5.29,,,,,,,5.06,,,5.34,5.97
19960430,5.17,5.4,5.31,,,,,,,5.23,,,5.54,6.3
19960531,5.31,5.38,5.29,,,,,,,5.33,,,5.64,6.48
19960630,5.56,5.45,5.35,,,,,,,5.48,,,5.81,6.69
19960731,5.49,5.44,5.33,,,,,,,5.52,,,5.85,6.64
19960831,5.36,5.39,5.28,,,,,,,5.35,,,5.67,6.39
19960930,5.57,5.45,5.33,,,,,,,5.5,,,5.83,6.6
19961031,5.34,5.37,5.25,,,,,,,5.25,,,5.55,6.27
19961130,5.2,5.39,5.25,,,,,,,5.14,,,5.42,5.97
19961231,5.16,5.7,5.41,,,,,,,5.18,,,5.47,6.07
19970131,5.31,5.43,5.31,,,5.3,5.28,,,5.3,,,5.61,6.33
19970228,5.34,5.39,5.27,,,5.26,5.25,,,5.23,,,5.53,6.2
19970331,5.36,5.51,5.39,,,5.38,5.36,,,5.47,,,5.8,6.54
19970430,5.66,5.61,5.51,,,5.51,5.49,,,5.64,,,5.99,6.76
19970531,5.64,5.61,5.53,,,5.53,5.51,,,5.54,,,5.87,6.57
19970630,5.35,5.6,5.53,,,5.52,5.51,,,5.38,,,5.69,6.38
19970731,5.26,5.56,5.49,,,5.5,5.48,,,5.24,,,5.54,6.12
19970831,5.28,5.55,5.49,,,5.5,5.48,,,5.27,,,5.56,6.16
19970930,5.3,,,,,5.51,5.49,,,5.23,,,5.52,6.11
19971031,5.2,,,,,5.5,5.49,,,5.17,,,5.46,5.93
19971130,5.14,,,,,5.55,5.53,,,5.17,,,5.46,5.8
19971231,5.18,,,,,5.8,5.78,,,5.24,,,5.53,5.77
19980131,5.07,,,,,5.48,5.46,,,4.98,,,5.24,5.42
19980228,4.97,,,,,5.49,5.47,,,5.04,,,5.31,5.49
19980331,5.13,,,,,5.53,5.51,,,5.11,,,5.39,5.61
19980430,5.12,,,,,5.51,5.49,,,5.1,,,5.38,5.61
19980531,5.15,,,,,5.5,5.49,,,5.16,,,5.44,5.63
19980630,5.13,,,,,5.53,5.51,,,5.13,,,5.41,5.52
19980731,5.1,,,,,5.52,5.51,,,5.08,,,5.36,5.46
19980831,5,,,,,5.51,5.5,,,4.94,,,5.21,5.27
19980930,4.51,,,,,5.45,5.44,,,4.5,,,4.71,4.62
19981031,4.06,,,,,5.18,5.14,,,3.95,,,4.12,4.18
19981130,4.4,,,,,5.04,5,,,4.33,,,4.53,4.54
19981231,4.31,,,,,5.31,5.24,,,4.32,,,4.52,4.45
19990131,4.34,,,,,4.83,4.8,,,4.31,,,4.51,4.6
19990228,4.37,,,,,4.82,4.8,,,4.48,,,4.7,4.91
19990331,4.67,,,,,4.84,4.82,,,4.53,,,4.78,5.14
19990430,4.5,,,,,4.8,4.79,,,4.45,,,4.69,5.08
19990531,4.63,,,,,4.8,4.79,,,4.6,,,4.85,5.44
19990630,4.89,,,,,4.96,4.95,,,4.82,,,5.1,5.81
19990731,4.71,,,,,5.08,5.06,,,4.75,,,5.03,5.68
19990831,4.95,,,,,5.2,5.18,,,4.91,,,5.2,5.84
19990930,5,,,,,5.29,5.28,,,4.96,,,5.25,5.8
19991031,5.12,,,,,5.29,5.28,,,5.12,,,5.43,6.03
19991130,5.17,,,,,5.38,5.37,,,5.24,,,5.55,5.97
19991231,5.35,,,,,6.02,5.97,,,5.51,,,5.84,6.19
20000131,5.65,,,,,5.62,5.59,,,5.75,,,6.12,6.58
20000229,5.91,,,,,5.78,5.76,,,5.84,,,6.22,6.68
20000331,5.84,,,,,5.94,5.93,,,5.86,,,6.22,6.5
20000430,,,,,,6.03,6.02,,,5.8,,,6.15,6.26
20000531,,,,,,6.41,6.4,,,5.94,,,6.33,6.69
20000630,6,,,,,6.53,6.53,,,5.83,,,6.17,6.3
20000731,,,,,,6.5,6.49,,,5.75,,,6.08,6.18
20000831,,,,,,6.49,6.47,,,5.87,,,6.18,6.06
20000930,,,,,,6.49,6.48,,,5.79,,,6.13,5.93
20001031,,,,,,6.48,6.48,,,5.72,,,6.01,5.78
20001130,,,,,,6.49,6.49,,,5.84,,,6.09,5.7
20001231,,,,,,6.52,6.51,,,5.33,,,5.6,5.17
20010131,,,,,,5.75,5.74,,,4.63,,,4.81,4.86
20010228,,,,,,5.41,5.39,,,4.51,,,4.68,4.89
20010331,,,,,,5.06,5.02,,,4.11,,,4.3,4.64
20010430,,,,,,4.74,4.71,,,3.8,,,3.98,4.76
20010531,,,,,,4.08,4.06,,,3.6,,,3.78,4.93
20010630,,,,,,3.84,3.82,,,3.37,,,3.58,4.81
20010731,,,,,,3.73,3.71,,,3.39,,3.67,3.62,4.76
20010831,,,,,,3.57,3.54,,,3.26,,3.53,3.47,4.57
20010930,,,,,,2.97,2.96,,,,,2.68,2.82,4.12
20011031,,,,,,2.42,2.4,,,,,2.27,2.33,3.91
20011130,,,,,,2.04,2.03,,,,,1.99,2.18,3.97
20011231,,,,,,1.83,1.84,,,,,1.72,2.22,4.39
20020131,,,,,,1.72,1.7,,,,,1.68,2.16,4.34
20020228,,,,,,1.77,1.76,,,,,1.74,2.23,4.3
20020331,,,,,,1.8,1.78,,,,,1.79,2.57,4.74
20020430,,,,,,1.76,1.76,,,,,1.72,2.48,4.65
20020531,,,,,,1.76,1.75,,,,,1.74,2.35,4.49
20020630,,,,,,1.75,1.74,,,,,1.72,2.2,4.19
20020731,,,,,,1.74,1.74,,,,,1.72,1.96,3.81
20020831,,,,,,1.72,1.72,,,,,1.68,1.76,3.29
20020930,,,,,,1.74,1.73,,,,,1.67,1.72,2.94
20021031,,,,,,1.73,1.72,,,,,1.62,1.65,2.95
20021130,,,,,,1.34,1.34,,,,,1.26,1.49,3.05
20021231,,,,,,1.31,1.31,,,,,1.2,1.45,3.03
20030131,,,,,,1.26,1.25,,,,1.65,1.17,1.36,3.05
20030228,,,,,,1.25,1.24,,,,1.24,1.2,1.3,2.9
20030331,,,,,,1.23,1.21,,,,1.09,1.18,1.24,2.78
20030430,,,,,,1.24,1.22,,,,1.36,1.16,1.27,2.93
20030531,,,,,,1.24,1.21,,,,1.18,1.08,1.18,2.52
20030630,,,,,,1.08,1.06,,,,0.91,0.97,1.01,2.27
20030731,,,,,,1.02,1.01,,,,1.3,0.9,1.12,2.87
20030831,,,,,,1.04,1.03,,,,1.48,0.95,1.31,3.37
20030930,,,,,,1.04,1.02,,,,1.29,0.91,1.24,3.18
20031031,,,,,,1.03,1.02,,,,1.21,0.91,1.25,3.19
20031130,,,,,,1.03,1.02,,,,1.27,0.94,1.34,3.29
20031231,,,,,,1.05,1.03,,,,1.23,0.89,1.31,3.27
20040131,,,,,,1.01,0.99,,,,1.09,0.85,1.24,3.12
20040229,,,,,,1.01,0.99,,,,0.86,0.92,1.24,3.07
20040331,,,,,,1.01,0.99,,,,0.52,0.96,1.19,2.79
20040430,,,,,,1.02,1,,,,1.02,0.91,1.43,3.39
20040531,,,,,,1.02,1,,,,1.34,0.91,1.78,3.85
20040630,,,,,,1.15,1.13,,,,1.41,1.05,2.12,3.93
20040731,,,,,,1.32,1.29,,,,1.29,1.19,2.1,3.69
20040831,,,,,,1.49,1.48,,,,1.12,1.37,2.02,3.47
20040930,,,,,,1.69,1.67,,,,1.1,1.55,2.12,3.36
20041031,,,,,,1.8,1.79,,,,0.97,1.63,2.23,3.35
20041130,,,,,,2.03,2.01,,,,0.9,1.92,2.5,3.53
20041231,,,,,,2.26,2.22,,,,0.92,1.96,2.67,3.6
20050131,,,,,,2.37,2.33,,,,1.13,2.05,2.86,3.71
20050228,,,,,,2.52,2.49,,,,1.08,2.36,3.03,3.77
20050331,,,,,,2.71,2.67,,,,1.29,2.65,3.3,4.17
20050430,,,,,,2.87,2.84,,,,1.23,2.64,3.32,4
20050531,,,,,,3,2.97,,,,1.28,2.65,3.33,3.85
20050630,,,,,,3.15,3.11,,,,1.39,2.83,3.36,3.77
20050731,,,,,,3.31,3.27,,,,1.67,3.1,3.64,3.98
20050831,,,,,,3.5,3.47,,,,1.71,3.34,3.87,4.12
20050930,,,,,,3.69,3.64,,,,1.4,3.23,3.85,4.01
20051031,,,,,,3.88,3.84,,,,1.7,3.51,4.18,4.33
20051130,,,,,,4.04,4.01,,,,1.97,3.91,4.33,4.45
20051231,,,,,,4.25,4.23,,,,2.09,3.69,4.35,4.39
20060131,,,,,,4.37,4.36,,,,1.93,4.12,4.45,4.35
20060228,,,,,,4.5,4.47,,,,1.98,4.38,4.68,4.57
20060331,,,,,,4.66,4.61,,,,2.09,4.55,4.77,4.72
20060430,,,,,,4.81,4.8,,,,2.26,4.61,4.9,4.9
20060531,,,,,,4.99,4.95,,,,2.3,4.7,5,5
20060630,,,,,,5.16,5.12,,,,2.45,4.71,5.16,5.07
20060731,,,,,,5.28,5.24,,,,2.46,4.9,5.22,5.04
20060831,,,,,,5.26,5.22,,,,2.27,5.16,5.08,4.82
20060930,,,,,,5.24,5.21,,,,2.38,4.77,4.97,4.67
20061031,,,,,,5.23,5.2,,,,2.51,4.97,5.01,4.69
20061130,,,,,,5.23,5.21,,,,2.41,5.21,5.01,4.58
20061231,,,,,,5.25,5.23,,,,2.28,4.87,4.94,4.53
20070131,,,,,,5.25,5.22,,,,2.47,4.94,5.06,4.75
20070228,,,,,,5.24,5.22,,,,2.34,5.18,5.05,4.71
20070331,,,,,,5.24,5.23,,,,2.04,5.21,4.92,4.48
20070430,,,,,,5.24,5.23,,,,2.12,4.99,4.93,4.59
20070531,,,,,,5.24,5.22,,,,2.29,4.82,4.91,4.67
20070630,,,,,,5.25,5.24,,,,2.65,4.52,4.96,5.03
20070731,,,,,,5.25,5.23,,,,2.6,4.82,4.96,4.88
20070831,,,,,,5.27,5.24,,,,2.39,4.2,4.47,4.43
20070930,,,,,,5.04,4.94,,,,2.14,3.78,4.14,4.2
20071031,,,,,,4.76,4.7,,,,2.01,3.81,4.1,4.2
20071130,,,,,,4.51,4.48,,,,1.35,3.68,3.5,3.67
20071231,,,,,,4.51,4.25,,,,1.27,2.86,3.26,3.49
20080131,,,,,,3.71,3.61,,,,0.86,2.74,2.71,2.98
20080229,,,,,,3,2.9,,,,0.65,2.27,2.05,2.78
20080331,,,,,,2.61,2.36,,,,0.23,1.35,1.54,2.48
20080430,,,,,,2.56,2.1,,,,0.62,1.07,1.74,2.84
20080531,,,,,,2.28,1.99,,,,0.79,1.76,2.06,3.15
20080630,,,,,,2.34,2.14,,,2.35,0.97,1.72,2.42,3.49
20080731,,,,,,2.34,2.08,,,2.2,0.84,1.6,2.28,3.3
20080831,,,,,,2.39,2.04,,,2.11,1.15,1.68,2.18,3.14
20080930,,,,,,2.69,2.1,,,1.86,1.55,0.89,1.91,2.88
20081031,,,,,,2.77,1.55,,,1.38,2.75,0.29,1.42,2.73
20081130,,,,,,1.29,0.61,,,1.04,3.69,0.09,1.07,2.29
20081231,,,,,,0.6,0.25,,,0.47,1.76,0.03,0.49,1.52
20090131,,,,,,0.34,0.15,,,0.42,1.59,0.05,0.44,1.6
20090228,,,,,,0.45,0.28,,,0.6,1.29,0.22,0.62,1.87
20090331,,,,,,0.4,0.22,,,0.62,1.23,0.1,0.64,1.82
20090430,,,,,,0.35,0.22,,,0.52,1.11,0.1,0.55,1.86
20090531,,,,,,0.29,0.22,,,0.48,1.07,0.14,0.5,2.13
20090630,,,,,,0.27,0.18,,,0.49,1.18,0.1,0.51,2.71
20090731,,,,,,0.23,0.18,,,0.46,1.18,0.15,0.48,2.46
20090831,,,,,,0.21,0.17,,,0.44,1.29,0.12,0.46,2.57
20090930,,,,,,0.18,0.14,,,0.38,1.03,0.06,0.4,2.37
20091031,,,,,,0.17,0.12,,,0.35,0.83,0.04,0.37,2.33
20091130,,,,,,0.15,0.13,,,0.29,0.48,0.05,0.31,2.23
20091231,,,,,,0.13,0.14,,,0.35,0.43,0.03,0.37,2.34
20100131,,,,,,0.11,0.13,,,0.32,0.42,0.02,0.35,2.48
20100228,,,,,,0.15,0.13,,,0.33,0.42,0.06,0.35,2.36
20100331,,,,,,0.2,0.15,,,0.37,0.56,0.12,0.4,2.43
20100430,,,,,,0.21,0.19,,,0.42,0.62,0.15,0.45,2.58
20100531,,,,,,0.26,0.21,,,0.35,0.41,0.15,0.37,2.18
20100630,,,,,,0.24,0.19,,,0.3,0.34,0.08,0.32,2
20100731,,,,,,0.23,0.2,,,0.28,0.34,0.16,0.29,1.76
20100831,,,,,,0.21,0.2,,,0.25,0.13,0.15,0.26,1.47
20100930,,,,,,0.2,0.21,,,0.25,0.13,0.12,0.26,1.41
20101031,,,,,,0.2,0.21,,,0.22,-0.32,0.14,0.23,1.18
20101130,,,,,,0.21,0.2,,,0.24,-0.21,0.13,0.25,1.35
20101231,,,,,,0.19,0.19,,,0.28,0.21,0.09,0.29,1.93
20110131,,,,,,0.21,0.19,,,0.26,0.06,0.14,0.27,1.99
20110228,,,,,,0.2,0.19,,,0.27,0.25,0.11,0.29,2.26
20110331,,,,,,0.17,0.17,,,0.24,-0.09,0.06,0.26,2.11
20110430,,,,,,0.14,0.14,,,0.23,-0.14,0.03,0.25,2.17
20110531,,,,,,0.12,0.11,,,0.17,-0.34,0.02,0.19,1.84
20110630,,,,,,0.11,0.11,,,0.17,-0.38,0.02,0.18,1.58
20110731,,,,,,0.09,0.09,,,0.18,-0.49,0.04,0.19,1.54
20110831,,,,,,0.13,0.11,,,0.11,-0.75,0.02,0.11,1.02
20110930,,,,,,0.1,0.08,,,0.1,-0.72,0.01,0.1,0.9
20111031,,,,,,0.11,0.09,,,0.11,-0.63,0.01,0.11,1.06
20111130,,,,,,0.09,0.1,,,0.11,-0.85,0.01,0.11,0.91
20111231,,,,,,0.06,0.1,,,0.11,-0.78,0,0.12,0.89
20120131,,,,,,0.06,0.09,,,0.11,-0.92,0.02,0.12,0.84
20120229,,,,,,0.09,0.12,,,0.15,-1.11,0.06,0.16,0.83
20120331,,,,,,0.12,0.13,,,0.18,-1.03,0.06,0.19,1.02
20120430,,,,,,0.1,0.13,,,0.18,-1.06,0.07,0.18,0.89
20120531,,,,,,0.12,0.13,,,0.19,-1.12,0.07,0.19,0.76
20120630,,,,,,0.13,0.14,,,0.18,-1.05,0.05,0.19,0.71
20120731,,,,,,0.13,0.14,,,0.18,-1.15,0.07,0.19,0.62
20120831,,,,,,0.14,0.14,,,0.18,-1.19,0.09,0.18,0.71
20120930,,,,,,0.11,0.12,,,0.17,-1.47,0.08,0.18,0.67
20121031,,,,,,0.12,0.14,,,0.17,-1.47,0.11,0.18,0.71
20121130,,,,,,0.15,0.14,,,0.17,-1.38,0.12,0.18,0.67
20121231,,,,,,0.1,0.13,,,0.15,-1.4,0.04,0.16,0.7
20130131,,,,,,0.11,0.12,,,0.14,-1.39,0.05,0.15,0.81
20130228,,,,,,0.11,0.12,,,0.15,-1.39,0.08,0.16,0.85
20130331,,,,,,0.11,0.1,,,0.14,-1.43,0.08,0.15,0.82
20130430,,,,,,0.1,0.08,,,0.12,-1.38,0.05,0.12,0.71
20130531,,,,,,0.09,0.07,,,0.11,-1.14,0.02,0.12,0.84
20130630,,,,,,0.07,0.07,,,0.14,-0.59,0.03,0.14,1.2
20130731,,,,,,0.08,0.06,,,0.12,-0.45,0.02,0.12,1.4
20130831,,,,,,0.07,0.05,,,0.12,-0.33,0.04,0.13,1.52
20130930,,,,,,0.06,0.05,,,0.11,-0.17,0.02,0.12,1.6
20131031,,,,,,0.09,0.07,,,0.11,-0.41,0.11,0.12,1.37
20131130,,,,,,0.07,0.05,,,0.12,-0.38,0.05,0.12,1.37
20131231,,,,,,0.07,0.06,,,0.13,-0.09,0.02,0.13,1.58
20140131,,,,,,0.07,0.05,,,0.11,-0.09,0.02,0.12,1.65
20140228,,,,,,0.07,0.06,,,0.11,-0.26,0.05,0.12,1.52
20140331,,,,,,0.07,0.06,,,0.12,-0.14,0.05,0.13,1.64
20140430,,,,,,0.07,0.05,,,0.1,-0.11,0.02,0.11,1.7
20140531,,,,,,0.07,0.05,,,0.09,-0.34,0.03,0.1,1.59
20140630,,,,,,0.07,0.06,,,0.1,-0.29,0.02,0.1,1.68
20140731,,,,,,0.08,0.07,,,0.1,-0.27,0.02,0.11,1.7
20140831,,,,,,0.09,0.08,,,0.1,-0.21,0.03,0.11,1.63
20140930,,,,,,0.09,0.06,,,0.1,0.1,0.01,0.11,1.77
20141031,,,,,,0.08,0.06,,,0.1,0.06,0.02,0.1,1.55
20141130,,,,,,0.09,0.07,,,0.12,0.14,0.04,0.13,1.62
20141231,,,,,,0.11,0.11,,,0.2,0.37,0.03,0.21,1.64
